Game,Slug,Category,Genre,Primary Keyword,Target Keywords,SEO Title,Meta Description
2048,2048,Classic Games,Number Puzzle,2048 online game,play 2048 online; 2048 game free; 2048 no download; number puzzle game; merge numbers game; 2048 browser game; classic games online; free online games; no download browser game,Play 2048 Online Free - 2048 Online Game,"Play 2048 online free. Merge matching number tiles and try to reach 2048 in this free browser puzzle. No download, no signup, mobile and desktop friendly."
Sudoku,sudoku,Classic Games,Logic Puzzle,sudoku online free,sudoku online; free sudoku game; sudoku puzzle online; play sudoku free; logic puzzle game; number brain game; classic games online; free online games; no download browser game,Play Sudoku Online Free - Sudoku Online Free,"Play Sudoku online free. Fill the 9x9 grid with numbers and solve a clean free Sudoku puzzle online. No download, no signup, mobile and desktop friendly."
Snake,snake,Classic Games,Arcade,snake game online,play snake online; snake game free; classic snake game; snake browser game; snake no download; mobile snake game; classic games online; free online games; no download browser game,Play Snake Online Free - Snake Game Online,"Play Snake online free. Eat food, grow longer and avoid crashing in this fast classic Snake browser game. No download, no signup, mobile and desktop friendly."
Tetris,tetris,Classic Games,Block Puzzle,falling blocks puzzle game,falling blocks game; play blocks puzzle online; free block game; tetris style game; line clearing puzzle; browser puzzle game; classic games online; free online games; no download browser game,Play Tetris Online Free - Falling Blocks Puzzle Game,"Play Tetris online free. Rotate falling blocks, clear lines and chase a high score in this free blocks puzzle. No download, no signup. Works on mobile and desktop."
Minesweeper,minesweeper,Classic Games,Logic Puzzle,minesweeper online free,minesweeper online; play minesweeper free; minesweeper no download; classic minesweeper; logic mine game; browser minesweeper; classic games online; free online games; no download browser game,Play Minesweeper Online Free - Minesweeper Online Free,"Play Minesweeper online free. Reveal safe cells, mark hidden mines and clear the board in this classic logic game. No download, no signup. Works on mobile and desktop."
Word Search,word-search,Word Games,Word Puzzle,word search online free,word search online; free word search game; word puzzle online; find words game; browser word game; word search no download; word games online; free online games; no download browser game,Play Word Search Online Free - Word Search Online Free,"Play Word Search online free. Find hidden words in a letter grid in this free word search browser game. No download, no signup, mobile and desktop friendly."
Crossword,crossword,Word Games,Word Puzzle,crossword puzzle online,crossword online; free crossword puzzle; crossword game online; daily crossword style; word clue game; browser crossword; word games online; free online games; no download browser game,Play Crossword Online Free - Crossword Puzzle Online,"Play Crossword online free. Solve clues and fill the grid in this simple free crossword puzzle game. No download, no signup, mobile and desktop friendly."
Chess,chess,Classic Games,Board Game,chess game online,play chess online; free chess game; chess against computer; browser chess; chess no download; online board game; classic games online; free online games; no download browser game,Play Chess Online Free - Chess Game Online,"Play Chess online free. Play a free browser chess game and practice simple moves against computer play. No download, no signup, mobile and desktop friendly."
Hangman,hangman,Word Games,Word Game,hangman game online,hangman online; free hangman game; word guessing game; play hangman free; browser word game; hangman no download; word games online; free online games; no download browser game,Play Hangman Online Free - Hangman Game Online,"Play Hangman online free. Guess letters, reveal the hidden word and solve the puzzle before you run out of tries. No download, no signup. Works on mobile and desktop."
Memory Cards,memory-cards,Memory Games,Memory Game,memory card game online,memory card game; matching pairs game; memory game online; kids memory game; flip card game; brain training game; memory games online; free online games; no download browser game,Play Memory Cards Online Free - Memory Card Game Online,"Play Memory Cards online free. Flip cards, match pairs and train your memory with colorful symbols. No download, no signup, mobile and desktop friendly."
Tic Tac Toe,tic-tac-toe,Classic Games,Board Game,tic tac toe online,tic tac toe online; free tic tac toe; x o game online; noughts and crosses; quick board game; browser tic tac toe; classic games online; free online games; no download browser game,Play Tic Tac Toe Online Free - Tic Tac Toe Online,"Play Tic Tac Toe online free. Play quick X and O matches in this free Tic Tac Toe browser game. No download, no signup, mobile and desktop friendly."
Flappy Bird,flappy-bird,Classic Games,Arcade,flappy game online,flappy bird style game; flappy game online; tap to fly game; bird flying game; arcade browser game; free flying game; classic games online; free online games; no download browser game,Play Flappy Bird Online Free - Flappy Game Online,"Play Flappy Bird online free. Tap to flap, fly through pipes and chase your best score in this free arcade game. No download, no signup. Works on mobile and desktop."
Color Quiz,color-quiz,Quiz Games,Quiz,color quiz online,color quiz online; free color quiz game; play color quiz; online quiz game; trivia browser game; knowledge game free; quiz games online; free online games; no download browser game,Play Color Quiz Online Free - Color Quiz Online,"Play Color Quiz online free. Answer fun questions and test your knowledge in this free Color Quiz browser game. No download, no signup. Works on mobile and desktop."
Flag Quiz,flag-quiz,Quiz Games,Quiz,flag quiz online,flag quiz online; free flag quiz game; play flag quiz; online quiz game; trivia browser game; knowledge game free; quiz games online; free online games; no download browser game,Play Flag Quiz Online Free - Flag Quiz Online,"Play Flag Quiz online free. Answer fun questions and test your knowledge in this free Flag Quiz browser game. No download, no signup. Works on mobile and desktop."
True or False,true-or-false,Quiz Games,Quiz,true or false online,true or false online; free true or false game; play true or false; online quiz game; trivia browser game; knowledge game free; quiz games online; free online games; no download browser game,Play True or False Online Free - True Or False Online,"Play True or False online free. Answer fun questions and test your knowledge in this free True or False browser game. No download, no signup. Works on mobile and desktop."
Riddles,riddles,Quiz Games,Quiz,riddles online,riddles online; free riddles game; play riddles; online quiz game; trivia browser game; knowledge game free; quiz games online; free online games; no download browser game,Play Riddles Online Free - Riddles Online,"Play Riddles online free. Answer fun questions and test your knowledge in this free Riddles browser game. No download, no signup, mobile and desktop friendly."
Emoji Quiz,emoji-quiz,Quiz Games,Quiz,emoji quiz online,emoji quiz online; free emoji quiz game; play emoji quiz; online quiz game; trivia browser game; knowledge game free; quiz games online; free online games; no download browser game,Play Emoji Quiz Online Free - Emoji Quiz Online,"Play Emoji Quiz online free. Answer fun questions and test your knowledge in this free Emoji Quiz browser game. No download, no signup. Works on mobile and desktop."
Odd One Out,odd-one-out,Quiz Games,Quiz,odd one out online,odd one out online; free odd one out game; play odd one out; online quiz game; trivia browser game; knowledge game free; quiz games online; free online games; no download browser game,Play Odd One Out Online Free - Odd One Out Online,"Play Odd One Out online free. Answer fun questions and test your knowledge in this free Odd One Out browser game. No download, no signup. Works on mobile and desktop."
General Knowledge,general-knowledge,Quiz Games,Quiz,general knowledge online,general knowledge online; free general knowledge game; play general knowledge; online quiz game; trivia browser game; knowledge game free; quiz games online; free online games; no download browser game,Play General Knowledge Online Free - General Knowledge Online,"Play General Knowledge online free. Answer fun questions and test your knowledge in this free General Knowledge browser game. No download, no signup. Works on mobile and desktop."
Geography Quiz,geography-quiz,Quiz Games,Quiz,geography quiz online,geography quiz online; free geography quiz game; play geography quiz; online quiz game; trivia browser game; knowledge game free; quiz games online; free online games; no download browser game,Play Geography Quiz Online Free - Geography Quiz Online,"Play Geography Quiz online free. Answer fun questions and test your knowledge in this free Geography Quiz browser game. No download, no signup. Works on mobile and desktop."
Science Quiz,science-quiz,Quiz Games,Quiz,science quiz online,science quiz online; free science quiz game; play science quiz; online quiz game; trivia browser game; knowledge game free; quiz games online; free online games; no download browser game,Play Science Quiz Online Free - Science Quiz Online,"Play Science Quiz online free. Answer fun questions and test your knowledge in this free Science Quiz browser game. No download, no signup. Works on mobile and desktop."
Movie Quiz,movie-quiz,Quiz Games,Quiz,movie quiz online,movie quiz online; free movie quiz game; play movie quiz; online quiz game; trivia browser game; knowledge game free; quiz games online; free online games; no download browser game,Play Movie Quiz Online Free - Movie Quiz Online,"Play Movie Quiz online free. Answer fun questions and test your knowledge in this free Movie Quiz browser game. No download, no signup. Works on mobile and desktop."
Expert Trivia,expert-trivia,Quiz Games,Quiz,expert trivia online,expert trivia online; free expert trivia game; play expert trivia; online quiz game; trivia browser game; knowledge game free; quiz games online; free online games; no download browser game,Play Expert Trivia Online Free - Expert Trivia Online,"Play Expert Trivia online free. Answer fun questions and test your knowledge in this free Expert Trivia browser game. No download, no signup. Works on mobile and desktop."
Word Scramble,word-scramble,Word Games,Word Puzzle,word scramble online,word scramble online; free word scramble game; word game online; browser word puzzle; vocabulary game; spelling game free; word games online; free online games; no download browser game,Play Word Scramble Online Free - Word Scramble Online,"Play Word Scramble online free. Play Word Scramble online and improve vocabulary, spelling and word skills for free. No download, no signup. Works on mobile and desktop."
Typing Speed,typing-speed,Word Games,Browser Game,typing speed online,typing speed online; free typing speed game; play online free; browser game no download; mobile game online; kids browser game; word games online; free online games; no download browser game,Play Typing Speed Online Free - Typing Speed Online,"Play Typing Speed online free. Play Typing Speed online for free with colorful kid-friendly browser gameplay. No download, no signup. Works on mobile and desktop."
Anagram,anagram,Word Games,Word Puzzle,anagram online,anagram online; free anagram game; word game online; browser word puzzle; vocabulary game; spelling game free; word games online; free online games; no download browser game,Play Anagram Online Free - Anagram Online,"Play Anagram online free. Play Anagram online and improve vocabulary, spelling and word skills for free. No download, no signup, mobile and desktop friendly."
Word Chain,word-chain,Word Games,Word Puzzle,word chain online,word chain online; free word chain game; word game online; browser word puzzle; vocabulary game; spelling game free; word games online; free online games; no download browser game,Play Word Chain Online Free - Word Chain Online,"Play Word Chain online free. Play Word Chain online and improve vocabulary, spelling and word skills for free. No download, no signup. Works on mobile and desktop."
Word Guess,word-guess,Word Games,Word Puzzle,word guess online,word guess online; free word guess game; word game online; browser word puzzle; vocabulary game; spelling game free; word games online; free online games; no download browser game,Play Word Guess Online Free - Word Guess Online,"Play Word Guess online free. Play Word Guess online and improve vocabulary, spelling and word skills for free. No download, no signup. Works on mobile and desktop."
Spelling Bee,spelling-bee,Word Games,Word Puzzle,spelling bee online,spelling bee online; free spelling bee game; word game online; browser word puzzle; vocabulary game; spelling game free; word games online; free online games; no download browser game,Play Spelling Bee Online Free - Spelling Bee Online,"Play Spelling Bee online free. Play Spelling Bee online and improve vocabulary, spelling and word skills for free. No download, no signup. Works on mobile and desktop."
Cipher Decode,cipher-decode,Word Games,Word Puzzle,cipher decode online,cipher decode online; free cipher decode game; word game online; browser word puzzle; vocabulary game; spelling game free; word games online; free online games; no download browser game,Play Cipher Decode Online Free - Cipher Decode Online,"Play Cipher Decode online free. Play Cipher Decode online and improve vocabulary, spelling and word skills for free. No download, no signup. Works on mobile and desktop."
Math Basics,math-basics,Math Games,Math Game,math basics online,math basics online; free math basics game; math game online; number puzzle game; brain math game; educational game; math games online; free online games; no download browser game,Play Math Basics Online Free - Math Basics Online,"Play Math Basics online free. Practice numbers, logic and quick thinking with this free Math Basics math game. No download, no signup. Works on mobile and desktop."
Math Quiz,math-quiz,Math Games,Quiz,math quiz online,math quiz online; free math quiz game; play math quiz; online quiz game; trivia browser game; knowledge game free; math games online; free online games; no download browser game,Play Math Quiz Online Free - Math Quiz Online,"Play Math Quiz online free. Answer fun questions and test your knowledge in this free Math Quiz browser game. No download, no signup. Works on mobile and desktop."
Times Tables,times-tables,Math Games,Math Game,times tables online,times tables online; free times tables game; math game online; number puzzle game; brain math game; educational game; math games online; free online games; no download browser game,Play Times Tables Online Free - Times Tables Online,"Play Times Tables online free. Practice numbers, logic and quick thinking with this free Times Tables math game. No download, no signup. Works on mobile and desktop."
Make 24,make-24,Math Games,Math Game,make 24 online,make 24 online; free make 24 game; math game online; number puzzle game; brain math game; educational game; math games online; free online games; no download browser game,Play Make 24 Online Free - Make 24 Online,"Play Make 24 online free. Practice numbers, logic and quick thinking with this free Make 24 math game. No download, no signup, mobile and desktop friendly."
Math Sprint,math-sprint,Math Games,Math Game,math sprint online,math sprint online; free math sprint game; math game online; number puzzle game; brain math game; educational game; math games online; free online games; no download browser game,Play Math Sprint Online Free - Math Sprint Online,"Play Math Sprint online free. Practice numbers, logic and quick thinking with this free Math Sprint math game. No download, no signup. Works on mobile and desktop."
Number Sequence,number-sequence,Math Games,Math Game,number sequence online,number sequence online; free number sequence game; math game online; number puzzle game; brain math game; educational game; math games online; free online games; no download browser game,Play Number Sequence Online Free - Number Sequence Online,"Play Number Sequence online free. Practice numbers, logic and quick thinking with this free Number Sequence math game. No download, no signup. Works on mobile and desktop."
Coin Flip,coin-flip,Classic Games,Arcade Game,coin flip online,coin flip online; free coin flip game; browser game free; quick arcade game; no download game; mobile browser game; classic games online; free online games; no download browser game,Play Coin Flip Online Free - Coin Flip Online,"Play Coin Flip online free. Play Coin Flip online for quick free fun in your browser with no download. No download, no signup, mobile and desktop friendly."
Dice Roller,dice-roller,Classic Games,Arcade Game,dice roller online,dice roller online; free dice roller game; browser game free; quick arcade game; no download game; mobile browser game; classic games online; free online games; no download browser game,Play Dice Roller Online Free - Dice Roller Online,"Play Dice Roller online free. Play Dice Roller online for quick free fun in your browser with no download. No download, no signup. Works on mobile and desktop."
Rock Paper Scissors,rock-paper-scissors,Classic Games,Arcade Game,rock paper scissors online,rock paper scissors online; free rock paper scissors game; browser game free; quick arcade game; no download game; mobile browser game; classic games online; free online games; no download browser game,Play Rock Paper Scissors Online Free - Rock Paper Scissors Online,"Play Rock Paper Scissors online free. Play Rock Paper Scissors online for quick free fun in your browser with no download. No download, no signup. Works on mobile and desktop."
Number Guess,number-guess,Classic Games,Arcade Game,number guess online,number guess online; free number guess game; browser game free; quick arcade game; no download game; mobile browser game; classic games online; free online games; no download browser game,Play Number Guess Online Free - Number Guess Online,"Play Number Guess online free. Play Number Guess online for quick free fun in your browser with no download. No download, no signup. Works on mobile and desktop."
Reaction Time,reaction-time,Classic Games,Arcade Game,reaction time online,reaction time online; free reaction time game; browser game free; quick arcade game; no download game; mobile browser game; classic games online; free online games; no download browser game,Play Reaction Time Online Free - Reaction Time Online,"Play Reaction Time online free. Play Reaction Time online for quick free fun in your browser with no download. No download, no signup. Works on mobile and desktop."
Connect Four,connect-four,Classic Games,Arcade Game,connect four online,connect four online; free connect four game; browser game free; quick arcade game; no download game; mobile browser game; classic games online; free online games; no download browser game,Play Connect Four Online Free - Connect Four Online,"Play Connect Four online free. Play Connect Four online for quick free fun in your browser with no download. No download, no signup. Works on mobile and desktop."
Pong,pong,Classic Games,Arcade Game,pong online,pong online; free pong game; browser game free; quick arcade game; no download game; mobile browser game; classic games online; free online games; no download browser game,Play Pong Online Free - Pong Online,"Play Pong online free. Play Pong online for quick free fun in your browser with no download. No download, no signup, mobile and desktop friendly."
Color Match,color-match,Classic Games,Arcade Game,color match online,color match online; free color match game; browser game free; quick arcade game; no download game; mobile browser game; classic games online; free online games; no download browser game,Play Color Match Online Free - Color Match Online,"Play Color Match online free. Play Color Match online for quick free fun in your browser with no download. No download, no signup. Works on mobile and desktop."
Simon Says,simon-says,Memory Games,Memory Game,simon says online,simon says online; free simon says game; memory game online; brain training game; focus game; pattern game; memory games online; free online games; no download browser game,Play Simon Says Online Free - Simon Says Online,"Play Simon Says online free. Train focus and memory with this colorful free Simon Says browser game. No download, no signup, mobile and desktop friendly."
Pattern Memory,pattern-memory,Memory Games,Memory Game,pattern memory online,pattern memory online; free pattern memory game; memory game online; brain training game; focus game; pattern game; memory games online; free online games; no download browser game,Play Pattern Memory Online Free - Pattern Memory Online,"Play Pattern Memory online free. Train focus and memory with this colorful free Pattern Memory browser game. No download, no signup. Works on mobile and desktop."
Minesweeper Hard,minesweeper-hard,Classic Games,Browser Game,minesweeper hard online,minesweeper hard online; free minesweeper hard game; play online free; browser game no download; mobile game online; kids browser game; classic games online; free online games; no download browser game,Play Minesweeper Hard Online Free - Minesweeper Hard Online,"Play Minesweeper Hard online free. Play Minesweeper Hard online for free with colorful kid-friendly browser gameplay. No download, no signup. Works on mobile and desktop."
History Quiz,history-quiz,Quiz Games,Quiz,history quiz online,history quiz online; free history quiz game; play history quiz; online quiz game; trivia browser game; knowledge game free; quiz games online; free online games; no download browser game,Play History Quiz Online Free - History Quiz Online,"Play History Quiz online free. Answer fun questions and test your knowledge in this free History Quiz browser game. No download, no signup. Works on mobile and desktop."
Breakout,breakout,Classic Games,Arcade Game,breakout online,breakout online; free breakout game; browser game free; quick arcade game; no download game; mobile browser game; classic games online; free online games; no download browser game,Play Breakout Online Free - Breakout Online,"Play Breakout online free. Play Breakout online for quick free fun in your browser with no download. No download, no signup, mobile and desktop friendly."
Lights Out,lights-out,Memory Games,Memory Game,lights out online,lights out online; free lights out game; memory game online; brain training game; focus game; pattern game; memory games online; free online games; no download browser game,Play Lights Out Online Free - Lights Out Online,"Play Lights Out online free. Train focus and memory with this colorful free Lights Out browser game. No download, no signup, mobile and desktop friendly."
Memory Pro,memory-pro,Memory Games,Memory Game,memory pro online,memory pro online; free memory pro game; memory game online; brain training game; focus game; pattern game; memory games online; free online games; no download browser game,Play Memory Pro Online Free - Memory Pro Online,"Play Memory Pro online free. Train focus and memory with this colorful free Memory Pro browser game. No download, no signup, mobile and desktop friendly."
Fruit Pop Blast,fruit-pop-blast,Puzzle Games,Match 3 Puzzle,fruit match game online,fruit match game; match 3 fruit game; fruit puzzle online; fruit blast game; candy style fruit game; free match game; puzzle games online; free online games; no download browser game,Play Fruit Pop Blast Online Free - Fruit Match Game Online,"Play Fruit Pop Blast online free. Swap colorful fruits, match groups of three or more and blast the board. No download, no signup. Works on mobile and desktop."
Rainbow Bubble Pop,rainbow-bubble-pop,Puzzle Games,Bubble Puzzle,bubble pop game online,bubble pop game; rainbow ball game; bubble puzzle online; color ball pop game; free bubble game; matching balls game; puzzle games online; free online games; no download browser game,Play Rainbow Bubble Pop Online Free - Bubble Pop Game Online,"Play Rainbow Bubble Pop online free. Pop matching rainbow balls and clear groups in this bright bubble puzzle game. No download, no signup. Works on mobile and desktop."
City Dash Runner,city-dash-runner,Runner Games,Runner,endless runner game online,endless runner game; city runner game; 3 lane runner; running game online; subway style runner; browser runner game; runner games online; free online games; no download browser game,Play City Dash Runner Online Free - Endless Runner Game Online,"Play City Dash Runner online free. Run through three city lanes, dodge cones and collect stars in this fast runner game. No download, no signup. Works on mobile and desktop."
Block Puzzle World,block-puzzle-world,Puzzle Games,Block Puzzle,block puzzle game online,block puzzle online; free block puzzle game; block blast style game; drag blocks game; line clear puzzle; brain block game; puzzle games online; free online games; no download browser game,Play Block Puzzle World Online Free - Block Puzzle Game Online,"Play Block Puzzle World online free. Place colorful blocks on the board, clear lines and keep space open. No download, no signup, mobile and desktop friendly."
Color Joy Studio,color-joy-studio,Coloring Games,Coloring,coloring game for kids,coloring game for kids; online coloring book; animal coloring game; fruit coloring page; flower coloring game; kids creative game; coloring games online; free online games; no download browser game,Play Color Joy Studio Online Free - Coloring Game For Kids,"Play Color Joy Studio online free. Color animals, fruits and flowers in a bright creative coloring studio. No download, no signup. Works on mobile and desktop."
Mini Race Rush,mini-race-rush,Racing Games,Racing,racing game online,racing game online; free car race game; mini racing game; browser racing game; kids car game; no download racing; racing games online; free online games; no download browser game,Play Mini Race Rush Online Free - Racing Game Online,"Play Mini Race Rush online free. Drive fast, avoid cars and collect coins in this free mini racing game. No download, no signup, mobile and desktop friendly."
Parking Puzzle,parking-puzzle,Puzzle Games,Puzzle,parking puzzle game online,parking puzzle game; car parking game online; parking logic game; free car puzzle; drive to parking spot; browser parking game; puzzle games online; free online games; no download browser game,Play Parking Puzzle Online Free - Parking Puzzle Game Online,"Play Parking Puzzle online free. Move the car around blocks and reach the green parking spot safely. No download, no signup, mobile and desktop friendly."
